﻿{
"mc": {
	"mc": {
		"frameRate":24,
		"labels": [
		],
		"frames": [
			{"res":"mc0000","x":0,"y":0},
			{"res":"mc0001","x":0,"y":0},
			{"res":"mc0002","x":0,"y":0},
			{"res":"mc0003","x":0,"y":0},
			{"res":"mc0004","x":0,"y":0},
			{"res":"mc0005","x":0,"y":0}
		]
	}
},
"res": {
	"mc0000":{"x":0,"y":0,"w":76,"h":75},
	"mc0001":{"x":0,"y":75,"w":76,"h":75},
	"mc0002":{"x":0,"y":150,"w":105,"h":75},
	"mc0003":{"x":0,"y":225,"w":76,"h":75},
	"mc0004":{"x":0,"y":300,"w":76,"h":75},
	"mc0005":{"x":0,"y":375,"w":76,"h":107}
}
}