{
    "gameId": "10",
    "bookId": "1",
    "unitId": "2",
    "userId": "156",
    "qnum": "10",
    "qa": [
        {
            "id": 684679,
            "type": "1",
            "title": "\u4e0b\u9762\u6700\u5927\u7684\u662f",
            "desc": "0,5+2=?",
            "answer": "26662",
            "aslist": {
                "24626": 6,
                "89763": 3,
                "26662": 7,
                "78516": 1
            }
        },
        {
            "id": 684679,
            "type": "1",
            "title": "\u4e0b\u9762\u6700\u5927\u7684\u662f",
            "desc": "1,5+6=?",
            "answer": "24626",
            "aslist": {
                "24626": 11,
                "89763": 3,
                "26662": 7,
                "78516": 1
            }
        },
        {
            "id": 684679,
            "type": "1",
            "title": "\u4e0b\u9762\u6700\u5927\u7684\u662f",
            "desc": "2,5+6=?",
            "answer": "24626",
            "aslist": {
                "24626": 11,
                "89763": 3,
                "26662": 7,
                "78516": 1
            }
        },
        {
            "id": 684679,
            "type": "1",
            "title": "\u4e0b\u9762\u6700\u5927\u7684\u662f",
            "desc": "3,5+6=?",
            "answer": "24626",
            "aslist": {
                "24626": 11,
                "89763": 3,
                "26662": 7,
                "78516": 1
            }
        },
        {
            "id": 684679,
            "type": "1",
            "title": "\u4e0b\u9762\u6700\u5927\u7684\u662f",
            "desc": "4,5+6=?",
            "answer": "24626",
            "aslist": {
                "24626": 11,
                "89763": 3,
                "26662": 7,
                "78516": 1
            }
        },
        {
            "id": 684679,
            "type": "1",
            "title": "\u4e0b\u9762\u6700\u5927\u7684\u662f",
            "desc": "5,5+6=?",
            "answer": "24626",
            "aslist": {
                "24626": 11,
                "89763": 3,
                "26662": 7,
                "78516": 1
            }
        },
        {
            "id": 684679,
            "type": "1",
            "title": "\u4e0b\u9762\u6700\u5927\u7684\u662f",
            "desc": "6,5+6=?",
            "answer": "24626",
            "aslist": {
                "24626": 11,
                "89763": 3,
                "26662": 7,
                "78516": 1
            }
        },
        {
            "id": 684679,
            "type": "1",
            "title": "\u4e0b\u9762\u6700\u5927\u7684\u662f",
            "desc": "7,5+6=?",
            "answer": "24626",
            "aslist": {
                "24626": 11,
                "89763": 3,
                "26662": 7,
                "78516": 1
            }
        },
        {
            "id": 684679,
            "type": "1",
            "title": "\u4e0b\u9762\u6700\u5927\u7684\u662f",
            "desc": "8,5+6=?",
            "answer": "24626",
            "aslist": {
                "24626": 11,
                "89763": 3,
                "26662": 7,
                "78516": 1
            }
        },
        {
            "id": 684679,
            "type": "1",
            "title": "\u4e0b\u9762\u6700\u5927\u7684\u662f",
            "desc": "9,5*2=?",
            "answer": "78516",
            "aslist": {
                "24626": 6,
                "89763": 3,
                "26662": 7,
                "78516": 10
            }
        }
    ]
}